<?xml version="1.0" encoding="UTF-8"?>
<questestinterop xmlns="http://www.imsglobal.org/xsd/ims_qtiasiv1p2" xmlns:xsi="http://www.w3.org/2001/XMLSchema-instance" xsi:schemaLocation="http://www.imsglobal.org/xsd/ims_qtiasiv1p2 http://www.imsglobal.org/profile/cc/ccv1p2/ccv1p2_qtiasiv1p2p1_v1p0.xsd">
    <objectbank ident="test_bank">
        <item ident="1">
            <itemmetadata>
                <qtimetadata>
                    <qtimetadatafield>
                        <fieldlabel>cc_profile</fieldlabel>
                        <fieldentry>cc.multiple_choice.v0p1</fieldentry>
                    </qtimetadatafield>
                </qtimetadata>
            </itemmetadata>
            <presentation>
                <material>
                    <mattext texttype="text/html"><![CDATA[<p>What is the output of the following code segment?</p>
<pre>int[] arr = {1, 2, 3, 4, 5};
for (int i = 0; i &lt; arr.length; i++) {
    arr[i] = arr[i] * 2;
}
System.out.println(arr[2]);</pre>]]></mattext>
                </material>
                <response_lid ident="1" rcardinality="Single">
                    <render_choice shuffle="Yes">
                        <response_label ident="1">
                            <material>
                                <mattext texttype="text/html"><code>6</code></mattext>
                            </material>
                        </response_label>
                        <response_label ident="2">
                            <material>
                                <mattext texttype="text/html"><code>3</code></mattext>
                            </material>
                        </response_label>
                        <response_label ident="3">
                            <material>
                                <mattext texttype="text/html"><code>4</code></mattext>
                            </material>
                        </response_label>
                        <response_label ident="4">
                            <material>
                                <mattext texttype="text/html"><code>2</code></mattext>
                            </material>
                        </response_label>
                    </render_choice>
                </response_lid>
            </presentation>
            <resprocessing>
                <outcomes>
                    <decvar maxvalue="100" minvalue="0" varname="SCORE" vartype="Decimal"/>
                </outcomes>
                <respcondition continue="No">
                    <conditionvar>
                        <varequal respident="1">1</varequal>
                    </conditionvar>
                    <setvar action="Set" varname="SCORE">100</setvar>
                </respcondition>
            </resprocessing>
        </item>
        <item ident="2">
            <itemmetadata>
                <qtimetadata>
                    <qtimetadatafield>
                        <fieldlabel>cc_profile</fieldlabel>
                        <fieldentry>cc.multiple_choice.v0p1</fieldentry>
                    </qtimetadatafield>
                </qtimetadata>
            </itemmetadata>
            <presentation>
                <material>
                    <mattext texttype="text/html"><![CDATA[<p>Consider the following recursive method:



What value is returned by <code>factorial(5)</code>?</p>
<pre>public int factorial(int n) {
    if (n &lt;= 1)
        return 1;
    return n * factorial(n - 1);
}</pre>]]></mattext>
                </material>
                <response_lid ident="2" rcardinality="Single">
                    <render_choice shuffle="Yes">
                        <response_label ident="1">
                            <material>
                                <mattext texttype="text/html"><code>120</code></mattext>
                            </material>
                        </response_label>
                        <response_label ident="2">
                            <material>
                                <mattext texttype="text/html"><code>24</code></mattext>
                            </material>
                        </response_label>
                        <response_label ident="3">
                            <material>
                                <mattext texttype="text/html"><code>5</code></mattext>
                            </material>
                        </response_label>
                        <response_label ident="4">
                            <material>
                                <mattext texttype="text/html"><code>1</code></mattext>
                            </material>
                        </response_label>
                    </render_choice>
                </response_lid>
            </presentation>
            <resprocessing>
                <outcomes>
                    <decvar maxvalue="100" minvalue="0" varname="SCORE" vartype="Decimal"/>
                </outcomes>
                <respcondition continue="No">
                    <conditionvar>
                        <varequal respident="2">1</varequal>
                    </conditionvar>
                    <setvar action="Set" varname="SCORE">100</setvar>
                </respcondition>
            </resprocessing>
        </item>
        <item ident="3">
            <itemmetadata>
                <qtimetadata>
                    <qtimetadatafield>
                        <fieldlabel>cc_profile</fieldlabel>
                        <fieldentry>cc.multiple_choice.v0p1</fieldentry>
                    </qtimetadatafield>
                </qtimetadata>
            </itemmetadata>
            <presentation>
                <material>
                    <mattext texttype="text/html"><![CDATA[<p>What is the value of <code>result</code> after the following code executes?</p>
<pre>String str = &quot;Hello World&quot;;
int result = str.indexOf(&quot;o&quot;);</pre>]]></mattext>
                </material>
                <response_lid ident="3" rcardinality="Single">
                    <render_choice shuffle="Yes">
                        <response_label ident="1">
                            <material>
                                <mattext texttype="text/html"><code>4</code></mattext>
                            </material>
                        </response_label>
                        <response_label ident="2">
                            <material>
                                <mattext texttype="text/html"><code>5</code></mattext>
                            </material>
                        </response_label>
                        <response_label ident="3">
                            <material>
                                <mattext texttype="text/html"><code>7</code></mattext>
                            </material>
                        </response_label>
                        <response_label ident="4">
                            <material>
                                <mattext texttype="text/html"><code>-1</code></mattext>
                            </material>
                        </response_label>
                    </render_choice>
                </response_lid>
            </presentation>
            <resprocessing>
                <outcomes>
                    <decvar maxvalue="100" minvalue="0" varname="SCORE" vartype="Decimal"/>
                </outcomes>
                <respcondition continue="No">
                    <conditionvar>
                        <varequal respident="3">1</varequal>
                    </conditionvar>
                    <setvar action="Set" varname="SCORE">100</setvar>
                </respcondition>
            </resprocessing>
        </item>
        <item ident="4">
            <itemmetadata>
                <qtimetadata>
                    <qtimetadatafield>
                        <fieldlabel>cc_profile</fieldlabel>
                        <fieldentry>cc.multiple_choice.v0p1</fieldentry>
                    </qtimetadatafield>
                </qtimetadata>
            </itemmetadata>
            <presentation>
                <material>
                    <mattext texttype="text/html"><![CDATA[<p>Consider the following method:



If <code>arr</code> is <code>{1, 2, 3, 4, 5}</code>, what are the contents of <code>arr</code> after calling <code>mystery(arr)</code>?</p>
<pre>public static void mystery(int[] arr) {
    for (int i = 0; i &lt; arr.length / 2; i++) {
        int temp = arr[i];
        arr[i] = arr[arr.length - 1 - i];
        arr[arr.length - 1 - i] = temp;
    }
}</pre>]]></mattext>
                </material>
                <response_lid ident="4" rcardinality="Single">
                    <render_choice shuffle="Yes">
                        <response_label ident="1">
                            <material>
                                <mattext texttype="text/html"><code>{5, 4, 3, 2, 1}</code></mattext>
                            </material>
                        </response_label>
                        <response_label ident="2">
                            <material>
                                <mattext texttype="text/html"><code>{1, 2, 3, 4, 5}</code></mattext>
                            </material>
                        </response_label>
                        <response_label ident="3">
                            <material>
                                <mattext texttype="text/html"><code>{2, 3, 4, 5, 1}</code></mattext>
                            </material>
                        </response_label>
                        <response_label ident="4">
                            <material>
                                <mattext texttype="text/html"><code>{5, 2, 3, 4, 1}</code></mattext>
                            </material>
                        </response_label>
                    </render_choice>
                </response_lid>
            </presentation>
            <resprocessing>
                <outcomes>
                    <decvar maxvalue="100" minvalue="0" varname="SCORE" vartype="Decimal"/>
                </outcomes>
                <respcondition continue="No">
                    <conditionvar>
                        <varequal respident="4">1</varequal>
                    </conditionvar>
                    <setvar action="Set" varname="SCORE">100</setvar>
                </respcondition>
            </resprocessing>
        </item>
        <item ident="5">
            <itemmetadata>
                <qtimetadata>
                    <qtimetadatafield>
                        <fieldlabel>cc_profile</fieldlabel>
                        <fieldentry>cc.multiple_choice.v0p1</fieldentry>
                    </qtimetadatafield>
                </qtimetadata>
            </itemmetadata>
            <presentation>
                <material>
                    <mattext texttype="text/html"><![CDATA[<p>What is printed by the following code segment?</p>
<pre>ArrayList&lt;Integer&gt; list = new ArrayList&lt;Integer&gt;();
list.add(1);
list.add(2);
list.add(3);
list.add(1, 4);
System.out.println(list.get(2));</pre>]]></mattext>
                </material>
                <response_lid ident="5" rcardinality="Single">
                    <render_choice shuffle="Yes">
                        <response_label ident="1">
                            <material>
                                <mattext texttype="text/html"><code>2</code></mattext>
                            </material>
                        </response_label>
                        <response_label ident="2">
                            <material>
                                <mattext texttype="text/html"><code>3</code></mattext>
                            </material>
                        </response_label>
                        <response_label ident="3">
                            <material>
                                <mattext texttype="text/html"><code>4</code></mattext>
                            </material>
                        </response_label>
                        <response_label ident="4">
                            <material>
                                <mattext texttype="text/html"><code>1</code></mattext>
                            </material>
                        </response_label>
                    </render_choice>
                </response_lid>
            </presentation>
            <resprocessing>
                <outcomes>
                    <decvar maxvalue="100" minvalue="0" varname="SCORE" vartype="Decimal"/>
                </outcomes>
                <respcondition continue="No">
                    <conditionvar>
                        <varequal respident="5">1</varequal>
                    </conditionvar>
                    <setvar action="Set" varname="SCORE">100</setvar>
                </respcondition>
            </resprocessing>
        </item>
    </objectbank>
</questestinterop>